,Date,AAPL_title,TSLA_title
0,2024-07-16,Apple Stock Forecast: Why the Best Is Yet to Come for AAPL - Nasdaq,
1,2024-07-19,,Tesla Stock (NASDAQ:TSLA): This Rally May be Short-Lived - Nasdaq
2,2024-08-05,Is Apple Stock A Buy Or Sell In Early August 2024? - Investor's Business Daily,
3,2024-08-23,Apple (NASDAQ:AAPL) to Reveal Its New iPhones on September 10 - Nasdaq,
4,2024-09-10,Apple Stock: Is Now the Time for AAPL to Glow Again? - Nasdaq,
5,2024-09-13,Apple Stock Q4 Forecast: Can the iPhone 16 Take AAPL to Record Highs? - Nasdaq,
6,2024-09-20,Apple’s (NASDAQ:AAPL) iPhone Sales Hit Roadblock Named Huawei in Beijing - Nasdaq,
7,2024-10-07,,Here’s How to Extract a 29% Yield from Tesla Stock (TSLA) - Nasdaq
8,2024-10-09,,Thinking of Buying TSLA Stock Ahead of Robotaxi Day? Think Again - Nasdaq
9,2024-10-10,When Should You Buy Apple Inc. (NASDAQ:AAPL)? - simplywall.st,
10,2024-10-11,,Tesla shares drop 9% after Cybercab robotaxi reveal 'underwhelmed' investors - CNBC
11,2024-10-14,Apple (NASDAQ:AAPL) Stock: What to Expect Before Fiscal Q4 Results - Nasdaq,
12,2024-10-16,Apple: You Should Not Be Paying For The Company's Shortcomings (NASDAQ:AAPL) - Seeking Alpha,
13,2024-10-23,,"Tesla shares jump on profit beat, Musk's prediction of at least 20% 'vehicle growth' next year - CNBC"
14,2024-10-31,"Apple sales rise 6%, company seeing early iPhone 16 demand - CNBC",
15,2024-11-06,,Should You Buy Tesla Stock After Trump's Election Win? - Kiplinger
16,2024-11-11,,What’s a Fair Valuation for Tesla ($TSLA) Today? - SmartAsset
17,2024-11-12,Is Apple Stock A Buy After Its September-Quarter Earnings Report? - Investor's Business Daily,
18,2024-12-10,,Tesla (TSLA) Stock is Overvalued and Short on Catalysts - Nasdaq
19,2024-12-30,,Tesla Record Deliveries Expected. This Is Why It Probably Doesn't Matter For TSLA. - Investor's Business Daily
20,2025-01-03,"Is Apple a Buy, Sell, or Hold in 2025? - The Motley Fool",
21,2025-01-14,,Tesla Stock Has Dropped 19% Since Record Highs. This Analyst Just Revised The Bull Case To $800. - Investor's Business Daily
22,2025-01-23,Apple Earnings: What matters most for AAPL shares next week - AppleInsider,
23,2025-01-26,,Tesla’s First Earnings Under Trump 2.0 - Bloomberg.com
24,2025-01-27,Reasons To Hold Apple Stock As Q1 Earnings Approach (NASDAQ:AAPL) - Seeking Alpha,
25,2025-01-28,,Tesla (TSLA) Earnings: Can it Beat Sky High Expectations? - tastylive
26,2025-01-29,,Tesla fourth-quarter results miss estimates as automotive revenue drops 8% - CNBC
27,2025-01-30,"Apple shares rise 3% as boost in services revenue overshadows iPhone miss - CNBC
Apple: Not Worth Buying At Such A Rich Valuation (AAPL) - Seeking Alpha",
28,2025-02-03,,Why is TSLA stock down? Tesla has dropped more than 10% since Trump took office - Fast Company
29,2025-02-04,,"After Earnings, Is Tesla Stock a Buy, a Sell, or Fairly Valued? - Morningstar
Is TSLA Stock Worth Betting On Now on Musk's Big AI Promises? - Nasdaq"
30,2025-02-06,"After Earnings, Is Apple Stock a Buy, a Sell, or Fairly Valued? - Morningstar",
31,2025-02-12,Apple: Still Too Expensive For My Liking - Seeking Alpha,
32,2025-02-17,Should You Buy Apple Stock Before Tim Cook Reveals “Newest Family Member”? - Trefis,
33,2025-02-24,"Apple Will Spend Billions and Add Thousands of Jobs in US - Bloomberg.com
Apple: I Was Wrong (Technical Analysis)(Rating Downgrade) (NASDAQ:AAPL) - Seeking Alpha",
34,2025-03-07,Apple (AAPL) Beats Stock Market Upswing: What Investors Need to Know - Nasdaq,
35,2025-03-11,,"Cathie Wood Loaded Up On HOOD, TSLA, COIN, PLTR As Market Crashed - Investor's Business Daily"
36,2025-03-12,Watch These Apple Stock Price Levels as Sell-Off Continues - Investopedia,Tesla's Tipping Point: Can TSLA Stock Recover From the 2025 Crash? - Nasdaq
37,2025-03-13,Apple Stock: Why It's Now A Screaming Buy (NASDAQ:AAPL) - Seeking Alpha,
38,2025-03-16,,Tesla: Sell The Dip Before Things Get Worse - Seeking Alpha
39,2025-03-19,,Leveraged Tesla ETFs Make Big Moves Amid Epic TSLA Stock Skid - ETF.com
40,2025-03-21,Severance's Fame is Good for Apple TV+: Is it True for AAPL Stock? - Nasdaq,
41,2025-03-25,Apple: Buy Now Before The iPhone 17 Hype - Seeking Alpha,
42,2025-04-01,Apple (AAPL) Laps the Stock Market: Here's Why - Nasdaq,
43,2025-04-02,,"TSLA Tumbles, Then Rebounds, After Disastrous Q1 Sales - ETF.com"
44,2025-04-04,"Trump Tariffs Take Down Apple, PC, Consumer Electronics Stocks - Investor's Business Daily",
45,2025-04-06,Apple: The Generational Buying Opportunity Is Here (Rating Upgrade) - Seeking Alpha,
46,2025-04-07,Apple (AAPL) Stock: More Downside or Massive Buying Opportunity? - Money Morning,
47,2025-04-14,OU Law Accredited by American Association of Professional Landmen - The University of Oklahoma,
48,2025-04-15,Here's Why Apple (AAPL) Fell More Than Broader Market - Nasdaq,
49,2025-04-17,,Tesla (TSLA) Stock Declines While Market Improves: Some Information for Investors - Nasdaq
50,2025-04-18,,Tesla: Sell Now Or Regret Later - Seeking Alpha
51,2025-04-20,"If You'd Put $1,000 Into Apple Stock 20 Years Ago, Here's What You'd Have Today - Kiplinger","TESLA Earnings Preview: Recent $TSLA Insider Trading, Hedge Fund Activity, and More - Nasdaq"
52,2025-04-21,Apple (AAPL) Stock Moves -1.94%: What You Should Know - Nasdaq,
53,2025-04-22,AAPL Quantitative Stock Analysis - Nasdaq,Tesla reports 20% drop in auto revenue as first-quarter results miss Wall Street estimates - CNBC
54,2025-04-23,,Tesla (TSLA) stock surges on Elon’s lies despite disastrous earnings - Electrek
55,2025-04-25,"Going Into Earnings, Is Apple Stock a Buy, a Sell, or Fairly Valued? - Morningstar",
56,2025-04-29,"Apple (AAPL) Earnings Preview: Can the Stock Rebound? - tastylive
Apple: Don't Buy The Dip (NASDAQ:AAPL) - Seeking Alpha",
57,2025-04-30,"Is Apple Inc. (AAPL) the Best Augmented Reality Stock to Buy According to Hedge Funds? - Yahoo Finance
Is Apple Inc. (AAPL) the Best Dow Stock for the Next 12 Months? - Yahoo Finance
Apple Inc. (AAPL): Tariffs Force a Price Target Cut — Can Services and AI Keep It Afloat? - Yahoo Finance",
58,2025-05-01,Apple shares fall as Cook says 'very difficult' to predict tariff costs beyond June - CNBC,Tesla Board in Spotlight After Cashing In $1.2 Billion With Musk - Bloomberg.com
59,2025-05-02,"Why Apple (AAPL) Stock Is Falling Today - Yahoo Finance
New Analyst Forecast: $AAPL Given 'Neutral' Rating - Nasdaq
Apple Stock Price in 5 Years: Earnings Smash Expectations, AAPL Shares Can Grow Further - CCN.com",
60,2025-05-04,Was Jim Cramer Right About Apple (AAPL)? - Yahoo Finance,
61,2025-05-05,"AAPL Q1 Earnings Call: Growth Across Core Products, AI Integration, and Tariff Risks - Yahoo Finance
Buy, Sell, or Hold These Mag 7 Stocks After Earnings: AAPL, AMZN - Yahoo Finance
Apple's Post-Earnings Stock Dip Might Be An Opportunity (NASDAQ:AAPL) - Seeking Alpha
Apple: It's Not Too Late To Buy This Turnaround - Seeking Alpha",
62,2025-05-06,ChatGPT Stock Advice: Apple Inc. (AAPL) Among Top Stock Recommendations - Yahoo Finance,
63,2025-05-07,"AAPL Unleashes Investor Charm Offensive via $100Bn Stock Buyback Plan - Yahoo Finance
Jim Cramer on Apple Inc. (AAPL)’s Recent Legal Troubles: ‘I Think That We’re Going To Be Surprised’ - Yahoo Finance
Apple Inc. (AAPL): App Store Revenue Growth Signals Strong Digital Demand - Yahoo Finance",
64,2025-05-08,Apple Inc. (AAPL) – AI Innovation Key to Sustained Market Leadership - Yahoo Finance,
65,2025-05-09,"Analyst After Apple (AAPL) Results: ‘People Will Not Go Without an iPhone’ – Says Revenue ‘Pretty Impressive’ - Yahoo Finance
After Earnings, Is Apple Stock a Buy, a Sell, or Fairly Valued? - Morningstar",
66,2025-05-10,"Apple (AAPL) Scrambles to Regain Chinese Market Share as Trade War Intensifies - Yahoo Finance
Is Apple Inc. (AAPL) the Worst Blue Chip Stock to Buy? - Yahoo Finance",
67,2025-05-11,Is Apple Inc. (AAPL) the Best Stock to Buy According to Jim Simons’ Renaissance Technologies? - Yahoo Finance,"Tesla, Inc. (TSLA): Among the High Growth EV Stocks to Invest In - Yahoo Finance"
68,2025-05-12,,"Analyst Highlights Tesla (TSLA) ‘Quadruple Whammy’, Says Company Yet to Hit Rock Bottom - Yahoo Finance"
69,2025-05-13,"Analyst Highlights ‘Distrubing and Dissappointing” Development for Apple (AAPL) - Yahoo Finance
Why Apple (AAPL) International Revenue Trends Deserve Your Attention - Nasdaq","Tesla, Inc. (TSLA) – UBS Flags Delivery Risk as TSLA April Sales Show No Upward Inflection - Yahoo Finance"
70,2025-05-14,"Is Apple Inc. (AAPL) the Best High Volume Stock to Buy Now? - Yahoo Finance
Analyst Warns Apple (AAPL) To Be ‘First’ To Feel Consumer Slowdown Impact - Yahoo Finance","Is Tesla (TSLA) the Best Technology Stock to Buy for Long-Term Investment? - Yahoo Finance
Is Tesla (TSLA) the Best High Volume Stock to Buy Now? - Yahoo Finance
Tesla, Inc. (TSLA) Eyes Robotaxi Expansion in Saudi Arabia Amid Robotics Push - Yahoo Finance"
71,2025-05-15,Apple’s (AAPL) Legal Brawl With Epic Games Leaves Stockholders in Limbo - Yahoo Finance,
72,2025-05-16,"Apple Inc. (AAPL) Is a Trending Stock: Facts to Know Before Betting on It - Nasdaq
Apple Stock: President Trump Had A Point In Qatar Meeting (NASDAQ:AAPL) - Seeking Alpha",
73,2025-05-17,Apple (NasdaqGS:AAPL) Faces Legal Setback as Court Advances Patent Infringement Trial - Yahoo Finance,
74,2025-05-20,Apple's CarPlay Ultra Gains Adoption: Buy or Hold the AAPL Stock? - Yahoo Finance,"Well-Known Investment Bank Remains Bullish on Tesla, Inc. (TSLA) - Yahoo Finance"
75,2025-05-21,,"TSLA Stock Eyes Prosperity in the Trump Era - Yahoo Finance
Tesla Stock Is Attractive Because of TSLA’s Operating System, Bank’s Investment Strategist Says - Yahoo Finance"
76,2025-05-22,,"Why Is Tesla (TSLA) Up 33.5% Since Last Earnings Report? - Nasdaq
TSLA Stock Poised to Reach “New Highs” in a Short Time, Veteran Investor Says - Yahoo Finance"
77,2025-05-23,Why Apple (AAPL) Shares Are Falling Today - Yahoo Finance,"Tesla (TSLA) Will No Longer Be Seen as “Just” an Automaker, Investor Says - Yahoo Finance"
78,2025-05-24,Apple (AAPL) Faces a New Kind of Rival – And Wall Street Is Paying Attention - Yahoo Finance,
79,2025-05-26,,NIO vs. TSLA: Which EV Stock Has More Charge for the Future? - Nasdaq
80,2025-05-27,"Why Apple (AAPL) Stock Is Up Today - Yahoo Finance
Famous Investor Suggests That Apple (AAPL) Is Not a Buy - Yahoo Finance",
81,2025-05-28,Is Apple Stock A Buy Amid Low Expectations For WWDC? - Investor's Business Daily,"Two Tesla (TSLA) insiders close to Elon Musk just sold almost $200 million worth of stocks - Electrek
Tesla's Stock Defies All Logic (For Now) (NASDAQ:TSLA) - Seeking Alpha"
82,2025-06-01,New Analyst Forecast: $AAPL Given 'Buy' Rating - Nasdaq,Guru Fundamental Report for TSLA - Nasdaq
83,2025-06-03,,Is Tesla (TSLA) Stock Worth Buying The Dip? What Analysts Are Saying | July 2025 Edition - Forbes
84,2025-06-05,Gene Munster Highlights ‘Critical’ Event for Apple (AAPL) Investors Amid ‘Uniquely Fluid’ Situation - Yahoo Finance,"Tesla's Imminent Valuation Crash? (NASDAQ:TSLA) - Seeking Alpha
TSLA drops 14% as investors see corruption being priced out of Tesla stock - Electrek
Cathie Wood Trims TSLA Stake Before Robotaxi Day: Should You Too? - Yahoo Finance"
85,2025-06-06,"Apple Inc. (AAPL): CEO Tim Cook Is The ""Best Mover,"" Says Jim Cramer - Yahoo Finance","Why Tesla (TSLA) Stock Is Trading Up Today - Yahoo Finance
$TSLA stock is up 5% today. Here's what we see in our data. - Nasdaq"
86,2025-06-09,Jim Cramer Says Apple (AAPL) Seems to Be Hostage to a Different Agenda Inside the White House - Yahoo Finance,
87,2025-06-11,"Apple (AAPL) Gets Buy Rating Despite AI Letdown at WWDC25, Says Goldman Sachs - Yahoo Finance","Tesla (TSLA) Faces Delivery Slump as Wells Fargo Sticks With $120 Price Target - Yahoo Finance
Tesla (TSLA) Faces 60% Crash Risk as Q2 Deliveries Fall Short - Yahoo Finance"
88,2025-06-12,Apple (AAPL) Stock Holds Steady as Analysts Call WWDC25 a ‘Transition Year’ - Yahoo Finance,Tesla (TSLA) Jumps on Looming Robotaxi Launch - Yahoo Finance
89,2025-06-14,,Tesla (NasdaqGS:TSLA) Sees 30% Price Jump Over Last Quarter - Yahoo Finance
90,2025-06-15,,"Baird Lowers Tesla (TSLA) to Hold, Citing Valuation and Robotaxi Risk - Yahoo Finance"
91,2025-06-16,"Apple (AAPL) Gets $235 Price Target from Morgan Stanley After China iPhone Demand Surprises - Yahoo Finance
Apple Inc. (AAPL) Opinions on WWDC Software and AI Announcements - Nasdaq
Apple: Be Patient For The Long-Term Prize - Don't Rush Tim Cook (NASDAQ:AAPL) - Seeking Alpha","Elon Musk Destroyed His Last Hope Of Salvaging Tesla's Market Dominance (TSLA) - Seeking Alpha
Tesla (TSLA)’s Strength in AI and Robotics Drives Morgan Stanley’s Bullish Outlook - Yahoo Finance
Notable Monday Option Activity: TSLA, SATS, ASTS - Nasdaq
Tesla, Inc. (TSLA) Opinions on CEO Feud and Robotaxi Launch - Nasdaq"
92,2025-06-17,,Tesla (TSLA) is sitting on so much inventory it has to take over parking lots all over the US - Electrek
93,2025-06-18,,"‘Sell TSLA Stock Now,’ Says Wells Fargo - TipRanks
Why the Market Dipped But Tesla (TSLA) Gained Today - Nasdaq
Reality Check On Tesla's Non-Auto Businesses (NASDAQ:TSLA) - Seeking Alpha
Sweden’s Largest Fund Dumps Tesla (TSLA) Shares & Blacklists Company - CleanTechnica"
94,2025-06-19,"Steve Jobs Once Gave A Secretary A Brand New Jaguar Out Of The Blue, Here Is Why The Apple Co-Founder Was So Generous - Yahoo Finance",What’s Next for TSLA? Tesla Stock Forecast You Can’t Ignore - TipRanks
95,2025-06-20,"Apple (AAPL) Rises As Market Takes a Dip: Key Facts - Yahoo Finance
Apple Inc. (AAPL) Is a Trending Stock: Facts to Know Before Betting on It - Yahoo Finance","Dear Tesla Stock Fans, Mark Your Calendars for June 30 - Yahoo Finance"
96,2025-06-21,"Apple: Buying More As Fundamentals Deteriorate, Blue Chip Status Remains (Rating Upgrade) - Seeking Alpha",
97,2025-06-23,,"TSLA Stock Warning: Tesla Could Lose $1.9 Billion In Free Cash Flow This Year - Barchart.com
Tesla’s (TSLA) AI Future Could Add $1 Trillion in Value, Says Dan Ives - Yahoo Finance"
98,2025-06-24,Why Investors Should Reconsider Buying the Dip on Apple Stock (AAPL) - Yahoo Finance,Tesla’s U.S. Robotaxi Launch: A New Catalyst for TSLA Stock Growth? - CarbonCredits.com
99,2025-06-25,Is AAPL Stock a Buy? Jim Cramer Says ‘Maybe Not’ Unless Apple Does This 1 Surprising Thing. - Yahoo Finance,"Tesla (TSLA) Stock Trades Down, Here Is Why - Yahoo Finance"
100,2025-06-26,Apple Stock Gets Price-Target Cut On Mounting Challenges - Investor's Business Daily,
101,2025-06-27,A Bull Case for Apple: Is It a Sleeping Giant? - The Motley Fool,"Benchmark Reaffirms Tesla (TSLA) Stock as ‘Top Pick,’ Hikes Price Target on Robotaxi Optimism - TipRanks
Tesla Just Ousted Its Head of Manufacturing. How Should You Play TSLA Stock Here? - Yahoo Finance
Tesla, Inc. (TSLA): It’s Okay For Robotaxis To Make Mistakes, Says Jim Cramer - Yahoo Finance
Tesla Gives Up Robotaxi Gain, But Receives Target Hike Ahead Of Vehicle Deliveries - Investor's Business Daily
GLJ Research Predicts Brutal Crash of Over 90% in Tesla Stock (TSLA) - TipRanks
It’s Time to ‘Pump the Brakes,’ Says Analyst on Tesla Stock (TSLA) - TipRanks"
102,2025-06-29,iPhone 17 May Disappoint—But Apple’s (AAPL) Foldable Future Has Wall Street Watching - Yahoo Finance,"Tesla, Inc. (TSLA): “It’s Not A Car Company,” Asserts Jim Cramer - Yahoo Finance"
103,2025-06-30,,"Tesla (TSLA) Stock Sinks As Market Gains: What You Should Know - Nasdaq
UBS Raises Tesla, Inc. (TSLA)’s Price Target to $215, Maintains Sell Rating - Yahoo Finance"
104,2025-07-01,"Apple (AAPL) Hit With ‘Sell’ Rating Ahead of Earnings Report - Yahoo Finance
Is Apple Stock 'Dead Money' in July 2025? Watch This AAPL Options Indicator Now. - Yahoo Finance",Tesla (TSLA) is about to release Q2 deliveries: here’s what to expect - Electrek
105,2025-07-02,"Why Apple (AAPL) Stock Is Up Today - Yahoo Finance
AAPL INVESTOR NOTICE: Apple Inc. Investors with Substantial Losses Have Opportunity to Lead Class Action Lawsuit - PR Newswire","Tesla reports 14% decline in vehicle deliveries, marking second straight year-over-year drop - CNBC
Tesla (TSLA) Shares Jump After China Sales Break 8-Month Losing Streak - Yahoo Finance"
106,2025-07-03,Bank of America Reaffirms Buy Rating on Apple Stock (AAPL) After Strong App Store Performance - TipRanks,"How to Buy Tesla Stock (TSLA) - NerdWallet
Tesla (NASDAQ: TSLA) Stock Price Prediction and Forecast 2025-2030 (July 3) - 24/7 Wall St."
107,2025-07-05,,"New Models, Robotaxi, and AI: Why Tesla’s (TSLA) Still a Buy After Delivery Dip - Yahoo Finance"
108,2025-07-07,"“Inconceivable to Me”: Apple Stock (NASDAQ:AAPL) Drops as U.S. Government Calls It Out - TipRanks
Apple (AAPL) Ranks Last in 'Magnificent Seven' Amid Execution Fears - Yahoo Finance","Tesla loses $68 billion in value after Elon Musk says he is launching a political party - CNBC
TSLA: Tesla Stock Plummets After Musk Launches New U.S. Political Party - Yahoo Finance
Why Tesla (TSLA) Stock Is Down Today - Yahoo Finance"
109,2025-07-08,,"Why Tesla (TSLA) Stock Fell: Carbon Credit Crackdown, Musk’s Politics, and Canada’s Frozen Funds - CarbonCredits.com"
110,2025-07-09,,"Here's Why I Increased My Tesla Position (NASDAQ:TSLA) - Seeking Alpha
Tesla, Inc. (TSLA) Is a Trending Stock: Facts to Know Before Betting on It - Yahoo Finance
How Will Tesla Stock React To Its Upcoming Earnings? - Trefis
Tesla Stock Bull Says 'Tesla Board Needs To Act Now' But Elon Musk Says This - Investor's Business Daily"
111,2025-07-10,Gene Munster Explains Two Potential Growth Catalysts for Apple (AAPL) Stock - Yahoo Finance,"Tesla: The Worst Is Yet To Come (Earnings Preview) (NASDAQ:TSLA) - Seeking Alpha
Tesla (TSLA) pushes its shareholders annual meeting all the way to November, but why? - Electrek
Tesla Stock Is Down This Month But Elon Musk Just Said Robotaxi Expansion Is Coming - Investor's Business Daily
$TSLA stock is up 3% today. Here's what we see in our data. - Nasdaq
Tesla (TSLA) Sets Shareholder Meeting; Just Beats Legal Deadline - Yahoo Finance"
112,2025-07-11,,"Tesla Stock Price | TSLA Stock Quote, News, and History - markets.businessinsider.com
Tesla Stock Quotes, Company News And Chart Analysis - Investor's Business Daily"
113,2025-07-13,,Tesla: Here's What People Are Misunderstanding - Seeking Alpha
